<?xml version="1.0" encoding="UTF-8"?>
<project-private xmlns="http://www.netbeans.org/ns/project-private/1">
    <editor-bookmarks xmlns="http://www.netbeans.org/ns/editor-bookmarks/2" lastBookmarkId="0"/>
    <open-files xmlns="http://www.netbeans.org/ns/projectui-open-files/2">
        <group>
            <file>file:/C:/Users/quent/OneDrive/Documents/PROGRAMMATION/TPVente/src/tpvente/LigneCommande.java</file>
            <file>file:/C:/Users/quent/OneDrive/Documents/PROGRAMMATION/TPVente/src/tpvente/Terrain.java</file>
            <file>file:/C:/Users/quent/OneDrive/Documents/PROGRAMMATION/TPVente/src/tpvente/ProtectionJoueurs.java</file>
            <file>file:/C:/Users/quent/OneDrive/Documents/PROGRAMMATION/TPVente/src/tpvente/TPVente.java</file>
            <file>file:/C:/Users/quent/OneDrive/Documents/PROGRAMMATION/TPVente/src/tpvente/Commande.java</file>
            <file>file:/C:/Users/quent/OneDrive/Documents/PROGRAMMATION/TPVente/src/tpvente/Equipement.java</file>
            <file>file:/C:/Users/quent/OneDrive/Documents/PROGRAMMATION/TPVente/src/tpvente/Magasin.java</file>
            <file>file:/C:/Users/quent/OneDrive/Documents/PROGRAMMATION/TPVente/src/tpvente/Joueurs.java</file>
        </group>
    </open-files>
</project-private>
